ticker,company_name,public_price,first_open_price,price_10_days,price_30_days,price_60_days,price_90_days,price_180_days,current_price
212A.T,フィットイージー（株）,990.0,1201.3125389840964,712.072265625,1188.437744140625,1371.6552734375,1739.0,1474.0,1485.0
211A.T,（株）カドス・コーポレーション,2900.0,3107.732493390941,2573.0,2230.0,2685.0,2664.0,3080.0,3515.0
206A.T,（株）PRISM BioLab,450.0,489.0,532.0,529.0,444.0,323.0,280.0,267.0
205A.T,（株）ロゴスホールディングス,2290.0,2290.0,2033.0,2382.0,2860.0,2192.0,1214.0,961.0
202A.T,（株）豆蔵デジタルホールディングス,1330.0,1290.3860586221936,1289.4287109375,1167.8568115234375,1286.5570068359375,1219.548828125,1351.650634765625,1289.0
196A.T,（株）ＭＦＳ,400.0,368.0,349.0,310.0,259.0,289.0,410.0,486.0
194A.T,（株）WOLVES HAND,770.0,875.0,930.0,887.0,1011.0,891.0,709.0,677.0
197A.T,（株）タウンズ,460.0,414.59587006125076,405.8375549316406,438.5025329589844,535.5076293945312,542.4365234375,523.0,498.0
198A.T,ＰｏｓｔＰｒｉｍｅ（株）,450.0,450.0,1119.0,757.0,840.0,676.0,602.0,518.0
195A.T,（株）ライスカレー,1420.0,1560.0,1284.0,1257.0,1137.0,877.0,825.0,837.0
192A.T,インテグループ（株）,3960.0,5940.0,6050.0,4600.0,4350.0,3585.0,3605.0,2711.0
190A.T,Ｃｈｏｒｄｉａ　Ｔｈｅｒａｐｅｕｔｉｃｓ（株）,153.0,255.0,186.0,715.0,666.0,248.0,256.0,257.0
189A.T,（株）Ｄ＆Ｍカンパニー,1000.0,1308.0,1060.0,1001.0,871.0,846.0,816.0,784.0
186A.T,（株）アストロスケールホールディングス,850.0,1281.0,1040.0,781.0,1060.0,1146.0,832.0,770.0
184A.T,（株）学びエイド,970.0,1282.0,837.0,905.0,810.0,682.0,500.0,392.0
177A.T,コージンバイオ（株）,1900.0,2014.140625,1664.890625,1689.6953125,2286.0,1780.9765625,1527.96875,1657.0
176A.T,レジル（株）,1200.0,1205.0,1055.0,1528.0,1453.0,1438.0,1828.0,1824.0
175A.T,（株）Will Smart,1656.0,1580.0,1524.0,1302.0,1264.0,1400.0,936.0,771.0
173A.T,（株）ハンモック,2060.0,2119.296391599238,1631.6619873046875,1363.8065185546875,1340.2587890625,1090.0640869140625,1448.1859130859375,1523.0
168A.T,（株）イタミアート,1600.0,1958.4632259875928,1331.7550048828125,1326.8587646484375,1422.823486328125,1035.0478515625,883.2669067382812,927.0
160A.T,（株）アズパートナーズ,1920.0,2852.851119560591,1737.2818603515625,2128.658203125,2310.1943359375,1875.8740234375,1697.2657470703125,1936.0
156A.T,マテリアルグループ（株）,1180.0,1052.1617077429037,898.9437255859375,838.8201904296875,946.460693359375,697.2389526367188,562.0,621.0
157A.T,グリーンモンスター（株）,980.0,1683.543087208765,1097.27392578125,1142.82861328125,1002.2032470703125,702.0,565.0,530.0
153A.T,（株）カウリス,1530.0,2875.0,3525.0,2400.0,2250.0,1370.0,1569.0,892.0
155A.T,（株）情報戦略テクノロジー,460.0,1021.0,733.0,598.0,718.0,412.0,537.0,404.0
146A.T,コロンビア・ワークス（株）,3300.0,3745.0,4200.0,3570.0,4185.0,2306.0,3850.0,3930.0
149A.T,（株）シンカ,1320.0,1671.0,1156.0,949.0,855.0,580.0,747.0,1181.0
151A.T,（株）ダイブ,1820.0,1075.0,1021.6666870117188,1028.3333740234375,1186.6666259765625,833.3333129882812,927.3333129882812,849.0
145A.T,（株）L is B,1188.0,1553.0,1000.0,997.0,874.0,768.0,630.0,568.0
147A.T,（株）ソラコム,870.0,1563.0,2014.0,1809.0,1560.0,1166.0,992.0,800.0
148A.T,（株）ハッチ・ワーク,2160.0,2815.0,2149.0,2399.0,1933.0,2260.0,2050.0,1403.0
150A.T,（株）ＪＳＨ,456.0,893.0,595.0,692.0,593.0,660.0,460.0,525.0
143A.T,イシン（株）,1080.0,2234.0,1490.0,1425.0,1120.0,884.0,872.0,917.0
142A.T,（株）ジンジブ,1750.0,1990.0,1431.5,1325.0,1585.0,1490.5,583.0,513.0
141A.T,（株）トライアルホールディングス,1700.0,2201.8936656605115,2811.266357421875,2724.78125,2741.6806640625,2698.0,2927.0,2329.0
5858.T,（株）ＳＴＧ,1920.0,1607.5,1158.5,1060.0,1251.5,1043.0,1362.0,1282.0
137A.T,Cocolive（株）,1780.0,3990.0,1930.0,1622.0,1500.0,1511.0,1056.0,1330.0
138A.T,光フードサービス（株）,2660.0,5799.35057033746,4465.99560546875,5065.7578125,4639.48046875,4193.37646484375,2403.012939453125,1659.0
135A.T,（株）ＶＲＡＩＮ　Ｓｏｌｕｔｉｏｎ,2990.0,5190.0,6990.0,4810.0,4100.0,3595.0,1941.0,2760.0
130A.T,（株）Veritas In Silico,1000.0,2001.0,2528.0,1615.0,1403.0,1080.0,940.0,697.0
5871.T,SOLIZE（株）,1470.0,1958.1497899615576,4071.400634765625,2922.68408203125,2647.3798828125,2122.944580078125,1624.6827392578125,1641.0
5892.T,（株）yutori,2520.0,943.0,847.3333129882812,943.6666870117188,2820.0,2096.0,2504.0,2145.0
5870.T,（株）ナルネットコミュニケーションズ,1040.0,914.6594962565105,991.2000122070312,865.8649291992188,869.6919555664062,760.8648681640625,573.0811157226562,489.0
9223.T,（株）ASNOVA,1091.0,544.7375277116965,542.7476196289062,522.8485107421875,569.1138916015625,590.0233154296875,594.0099487304688,592.0
5621.T,（株）ヒューマンテクノロジーズ,1224.0,1170.69590828188,1304.04150390625,1319.729248046875,1362.8704833984375,1133.591064453125,1367.03564453125,1450.0
5869.T,（株）早稲田学習研究会,970.0,1010.481973509475,1012.2897338867188,1032.1739501953125,1029.46240234375,1018.9783325195312,973.479736328125,1020.0
5619.T,マーソ（株）,2260.0,2079.0,2164.0,2035.0,1585.0,1411.0,1143.0,920.0
5618.T,ナイル（株）,1680.0,1540.0,961.0,1010.0,1066.0,988.0,379.0,270.0
5868.T,（株）ロココ,1128.0,1080.5653574358591,1157.0,1100.0,1250.0,1057.0,786.0,786.0
5867.T,（株）エスネットワークス,730.0,1833.937691499098,1383.79541015625,1301.0946044921875,1132.8082275390625,1086.649658203125,1024.1431884765625,889.0
5616.T,（株）雨風太陽,1044.0,1320.0,1973.0,1491.0,1142.0,1150.0,955.0,1046.0
5599.T,Ｓ＆Ｊ（株）,1320.0,1289.0,1261.0,1160.0,1136.0,999.0,994.0,1173.0
5891.T,（株）魁力屋,1400.0,1807.668584478469,2011.0,2788.0,3340.0,2816.0,1851.0,1715.0
5596.T,アウトルックコンサルティング（株）,1800.0,1656.0,1140.0,1225.0,1434.0,1377.0,1004.0,1093.0
5597.T,ブルーイノベーション（株）,1584.0,2023.0,1504.0,1519.0,1375.0,1214.0,843.0,944.0
5595.T,（株）ＱＰＳ研究所,390.0,860.0,711.0,1271.0,3930.0,3670.0,1506.0,1282.0
4197.T,（株）アスマーク,2300.0,2091.124898383431,1696.24267578125,2395.5537109375,2776.8193359375,2349.8408203125,2353.51953125,2416.0
9238.T,バリュークリエーション（株）,1790.0,1528.2838837703655,1090.571533203125,1114.311767578125,1201.854248046875,1214.3404541015625,1242.1649169921875,1284.0
5889.T,Japan Eyewear Holdings（株）,1360.0,1222.699186886462,1168.8272705078125,1121.689208984375,1429.5037841796875,2047.298828125,2795.4306640625,2118.0
5888.T,ＤＡＩＷＡ　ＣＹＣＬＥ（株）,1610.0,1789.8401686885063,1658.585205078125,1751.060302734375,2230.0,1773.0,3080.0,4090.0
4811.T,（株）ドリーム・アーツ,2660.0,2939.705810546875,2356.656005859375,2729.377685546875,3680.611328125,2575.44384765625,2336.302490234375,2377.0
9237.T,（株）笑美面,1240.0,1801.0,1333.0,1457.0,2299.0,1950.0,2242.0,1779.0
5845.T,全保連（株）,600.0,542.0336870073198,567.2662963867188,712.1201171875,909.3082275390625,787.8179321289062,715.9542846679688,785.0
6525.T,（株）KOKUSAI ELECTRIC,1840.0,2096.277691156915,2501.465576171875,2881.88671875,3620.933349609375,4180.66748046875,5176.095703125,2281.5
9236.T,ジャパンＭ＆Ａソリューション（株）,1340.0,2250.0,2350.0,2808.0,3280.0,4315.0,1891.0,1199.0
9235.T,（株）売れるネット広告社,910.0,418.5,366.5,305.0,439.5,2075.0,1034.0,703.0
4896.T,（株）ケイファーマ,950.0,875.0,700.0,671.0,609.0,586.0,802.0,957.0
5592.T,（株）くすりの窓口,1700.0,1561.9325307526203,1562.921142578125,1540.18408203125,1701.3201904296875,1428.476318359375,1511.5157470703125,2308.0
9331.T,（株）キャスター,760.0,2319.0,1640.0,1435.0,1675.0,1233.0,1229.0,850.0
5843.T,ニッポンインシュア（株）,810.0,1005.0,657.0,746.0,850.0,885.0,904.0,1867.0
6223.T,（株）西部技研,2600.0,2564.4087532323097,2571.089111328125,1562.313720703125,1664.8382568359375,1610.1431884765625,1586.1541748046875,1498.0
2938.T,（株）オカムラ食品工業,1680.0,1275.0147959573817,1211.363525390625,1189.9805908203125,1583.822998046875,1835.0,1685.0,2618.0
5591.T,（株）ＡＶＩＬＥＮ,2120.0,2482.0,2080.0,2058.0,2456.0,2280.0,1623.0,1120.0
5589.T,（株）オートサーバー,2670.0,2129.9442426645683,1632.9571533203125,1606.7999267578125,1671.2589111328125,1771.052978515625,2017.7283935546875,2218.0
5590.T,（株）ネットスターズ,1450.0,1334.0,989.0,923.0,692.0,798.0,1088.0,777.0
6228.T,（株）ジェイ・イー・ティ,4630.0,1458.1688625125112,1111.771240234375,1309.7127685546875,2467.670166015625,4120.0,2906.0,818.0
3958.T,笹徳印刷（株）,600.0,648.650527491714,542.767822265625,554.2145385742188,559.93798828125,590.190185546875,572.7747192382812,539.0
5588.T,ファーストアカウンティング（株）,1320.0,1175.7453112624207,978.455810546875,760.1887817382812,782.664794921875,902.5,993.0,1531.0
9330.T,（株）揚羽,1400.0,1490.0,1201.0,976.0,987.0,986.0,893.0,759.0
5842.T,インテグラル（株）,2400.0,2393.911221590909,1979.9639892578125,1782.46630859375,2415.85546875,2849.751708984375,4757.8984375,2943.0
9168.T,（株）ライズ・コンサルティング・グループ,850.0,838.1944578657051,878.625,836.2222290039062,880.5972290039062,971.3194580078125,706.0555419921875,899.0
5587.T,（株）インバウンドプラットフォーム,1850.0,2551.0,1942.0,1859.0,1812.0,1553.0,947.0,691.0
6224.T,（株）ＪＲＣ,1110.0,971.3969229561942,733.775390625,666.2908325195312,712.8646850585938,675.7957153320312,982.2699584960938,950.0
5586.T,（株）Laboro.AI,580.0,1195.0,914.0,1089.0,848.0,790.0,1412.0,995.0
9165.T,（株）クオルテック,2540.0,2329.129364179182,2179.570556640625,2085.846923828125,1784.7352294921875,1514.5323486328125,1594.2969970703125,1190.0
9166.T,（株）GENDA,1770.0,409.25,491.25,695.0,501.0,587.0,761.25,1065.0
2962.T,（株）テクニスコ,560.0,914.0,615.0,665.0,702.0,724.0,567.0,288.0
5585.T,エコナビスタ（株）,1300.0,3300.0,2557.0,2433.0,2525.0,2925.0,2250.0,2187.0
9164.T,（株）トライト,1200.0,1076.4674808728641,855.0933227539062,780.03515625,709.7274780273438,571.9624633789062,666.022705078125,518.0
9163.T,（株）ナレルグループ,2690.0,2330.9911475485633,2398.90185546875,2294.28271484375,2214.44189453125,2398.762939453125,2749.918212890625,2279.0
5582.T,（株）グリッド,2140.0,6400.0,4150.0,3565.0,3090.0,2069.0,3230.0,2219.0
9162.T,（株）ブリーチ,1340.0,1603.0,1120.0,838.0,678.0,569.0,376.0,372.0
7409.T,ＡｅｒｏＥｄｇｅ（株）,1690.0,5860.0,5050.0,4835.0,4100.0,3450.0,3165.0,1884.0
5884.T,（株）クラダシ,520.0,800.0,648.0,542.0,485.0,445.0,299.0,327.0
5885.T,（株）ジーデップ・アドバンス,4510.0,2670.0,2712.5,2230.0,2450.0,1787.5,3380.0,1765.0
9160.T,（株）ノバレーゼ,600.0,590.0,532.0,460.0,399.0,383.0,294.0,299.0
9159.T,（株）Ｗ　ＴＯＫＹＯ,3000.0,7000.0,4675.0,4285.0,2880.0,2172.0,2692.0,1788.0
4893.T,ノイルイミューン・バイオテック（株）,740.0,695.0,578.0,502.0,443.0,399.0,184.0,145.0
5580.T,（株）プロディライト,1440.0,3005.0,1715.0,1600.0,1523.0,1258.0,1130.0,1315.0
4894.T,クオリプス（株）,1560.0,1680.0,2276.0,1751.0,1913.0,1656.0,3505.0,8050.0
5533.T,（株）エリッツホールディングス,1580.0,1889.927734375,2825.441650390625,3023.884033203125,2300.0419921875,2146.0849609375,1789.370849609375,1679.0
9225.T,ブリッジコンサルティンググループ（株）,1300.0,1750.0,5630.0,4125.0,2593.0,2290.0,1440.0,1087.0
5578.T,ＡＲアドバンストテクノロジ（株）,1260.0,3921.805899362378,3326.08837890625,2894.193359375,2365.0,1908.0,2696.0,1744.0
5532.T,（株）リアルゲイト,1790.0,1905.0,1006.5,925.0,993.0,965.0,807.5,1356.0
5577.T,（株）アイデミー,1050.0,5560.0,3225.0,2395.0,1956.0,1556.0,2076.0,558.0
5576.T,（株）オービーシステム,1710.0,2948.552356647995,2719.329345703125,2096.31298828125,1890.5999755859375,1914.78564453125,2591.34326171875,2375.0
9158.T,（株）シーユーシー,1920.0,4430.0,3380.0,3460.0,2536.0,2550.0,2660.0,1329.0
5575.T,（株）Globee,1150.0,2666.0,3395.0,2108.0,2249.0,1565.0,1273.0,826.0
5574.T,（株）ＡＢＥＪＡ,1550.0,4980.0,7010.0,5340.0,5010.0,4420.0,5200.0,2570.0
5572.T,（株）Ridge-i,1750.0,4445.0,2836.0,3530.0,2306.0,2000.0,1730.0,2435.0
5838.T,楽天銀行（株）,1400.0,1856.0,1828.0,1889.0,2072.0,1885.0,2187.0,5686.0
4040.T,南海化学（株）,1740.0,2453.0629459689044,2309.733642578125,2120.887451171875,2390.1142578125,3883.451904296875,4619.00341796875,2281.0
5571.T,エキサイトホールディングス（株）,1340.0,1616.6414666027756,1273.3428955078125,983.2984008789062,969.0338745117188,932.897216796875,848.2612915039062,1225.0
5570.T,（株）ジェノバ,470.0,2081.3442534385395,1222.51806640625,991.257568359375,1319.3707275390625,1131.5950927734375,912.7330322265625,681.0
9348.T,（株）ｉｓｐａｃｅ,254.0,1000.0,1590.0,1875.0,1521.0,1500.0,989.0,862.0
5258.T,（株）トランザクション・メディア・ネットワークス,930.0,1388.0,1219.0,1346.0,1560.0,1208.0,643.0,252.0
5256.T,（株）Ｆｕｓｉｃ,2000.0,6530.0,5080.0,4200.0,5620.0,4500.0,4025.0,2389.0
9346.T,（株）ココルポート,3150.0,4135.0,5650.0,5300.0,4135.0,3225.0,2287.0,1397.0
5257.T,ノバシステム（株）,1700.0,2565.0,2410.0,2663.0,2688.0,2350.0,2296.0,2766.0
9345.T,ビズメイツ（株）,3250.0,5224.493088128998,3591.223876953125,3123.872802734375,2587.64892578125,2433.17724609375,1357.77783203125,1959.0
5027.T,AnyMind Group（株）,1000.0,1000.0,927.0,941.0,1163.0,1184.0,868.0,829.0
7163.T,住信SBIネット銀行（株）,1200.0,1204.6554375486255,1522.0849609375,1785.2952880859375,1625.5946044921875,1568.417724609375,1526.1932373046875,3855.0
5254.T,（株）Ａｒｅｎｔ,1440.0,1802.0,3070.0,3910.0,6210.0,5010.0,3770.0,5000.0
5255.T,（株）モンスターラボホールディングス,720.0,1050.0,1004.0,1099.0,881.0,715.0,255.0,75.0
9344.T,アクシスコンサルティング（株）,1950.0,3030.0,3730.0,2872.0,2180.0,2039.0,1078.0,784.0
5253.T,カバー（株）,750.0,1750.0,1341.0,1728.0,2994.0,2321.0,2773.0,2137.0
5252.T,日本ナレッジ（株）,1500.0,3607.158954326923,2382.180419921875,2351.23046875,2726.498779296875,2050.435302734375,1492.3687744140625,1290.0
7119.T,（株）ハルメクホールディングス,1720.0,1947.1078475061358,2298.0,2252.787109375,1698.436279296875,1799.674072265625,1206.0076904296875,1046.0
9343.T,（株）アイビス,730.0,2077.9547646823435,2244.504638671875,2031.9085693359375,1628.27001953125,1513.64453125,1455.8419189453125,3095.0
7120.T,（株）ＳＨＩＮＫＯ,2200.0,2030.5127436571781,2209.4873046875,2345.612548828125,2038.17333984375,2228.933837890625,1908.5303955078125,1962.0
5250.T,プライム・ストラテジー（株）,1390.0,3095.0475538766727,2917.0576171875,2739.067626953125,3050.550048828125,4331.0888671875,1852.0843505859375,965.0
5248.T,（株）テクノロジーズ,1000.0,608.3333129882812,487.0,442.6666564941406,242.8333282470703,343.1666564941406,368.6666564941406,700.0
9342.T,（株）スマサポ,800.0,2250.0,2070.0,1633.0,1604.0,1204.0,1768.0,1063.0
5246.T,（株）ELEMENTS,160.0,312.0,591.0,1013.0,1126.0,1145.0,545.0,841.0
5247.T,（株）ＢＴＭ,1500.0,1059.0,1932.5,1517.5,2660.0,1822.5,1502.5,780.0
7115.T,（株）アルファパーチェス,880.0,814.6248697359268,667.695068359375,745.2894897460938,1154.3365478515625,949.333984375,1058.5408935546875,2253.0
7116.T,ダイワ通信（株）,1700.0,1550.8969808214883,1239.76025390625,1624.612548828125,1686.83984375,1578.6600341796875,1505.90185546875,922.0
9340.T,（株）アソインターナショナル,870.0,500.5,378.0,395.5,339.0,353.5,326.5,572.0
9341.T,（株）GENOVA,1800.0,1743.4741000107945,1619.6478271484375,1542.3802490234375,1264.018798828125,1253.1220703125,1445.3004150390625,971.0
5244.T,（株）jig.jp,340.0,462.89216949980135,418.15887451171875,372.453125,330.6372375488281,380.23284912109375,413.2965393066406,243.0
9339.T,（株）コーチ・エィ,1840.0,2415.563168733016,1952.7071533203125,2119.66357421875,1708.6187744140625,1610.9833984375,1395.2093505859375,964.0
2937.T,（株）サンクゼール,1800.0,2105.1156976595576,2737.319580078125,2793.74951171875,4069.63525390625,3346.924560546875,3322.811279296875,1459.0
5242.T,（株）アイズ,2200.0,5160.0,3280.0,4050.0,3345.0,3125.0,2942.0,1260.0
5243.T,note（株）,340.0,521.0,422.0,451.0,826.0,587.0,453.0,1689.0
5240.T,monoAI technology（株）,660.0,1280.0,1320.0,1418.0,1826.0,1268.0,713.0,274.0
9338.T,（株）ＩＮＦＯＲＩＣＨ,4600.0,2102.0,1840.0,1938.0,1744.0,1233.0,3785.0,3675.0
9337.T,（株）トリドリ,1500.0,2733.0,1952.0,2438.0,2001.0,2216.0,2890.0,2133.0
5138.T,（株）Rebase,920.0,2070.2347548717084,1099.568115234375,1092.732421875,1030.2347412109375,939.4178466796875,1086.873291015625,1346.0
5139.T,オープンワーク（株）,3150.0,875.0,1100.0,1062.5,1387.5,1532.5,975.0,829.0
7114.T,（株）フーディソン,2300.0,2300.0,2400.0,2850.0,2079.0,1741.0,1762.0,752.0
5137.T,（株）スマートドライブ,1320.0,1630.0,1294.0,1812.0,2210.0,2227.0,2410.0,1875.0
9204.T,スカイマーク（株）,1170.0,1230.299172254307,1373.447265625,1394.72607421875,1153.88916015625,1143.2049560546875,1165.5445556640625,472.0
9336.T,大栄環境（株）,1350.0,1650.9322087005412,1860.4365234375,1714.65234375,1806.370849609375,1881.2071533203125,2273.986572265625,2983.0
5527.T,（株）ｐｒｏｐｅｒｔｙ ｔｅｃｈｎｏｌｏｇｉｅｓ,2950.0,3694.6330320269926,2571.39013671875,2831.314208984375,2244.62890625,1708.071533203125,1589.2491455078125,1055.0
4892.T,（株）サイフューズ,1620.0,1720.0,1689.0,1273.0,1013.0,1382.0,915.0,1039.0
9565.T,ウェルプレイド・ライゼスト（株）,1170.0,6200.0,4560.0,3650.0,3585.0,2544.0,2440.0,1172.0
5136.T,ｔｒｉｐｌａ（株）,800.0,1620.0,1590.0,2000.0,2564.0,2373.0,2387.0,2430.0
4891.T,（株）ティムス,670.0,919.0,981.0,620.0,673.0,538.0,246.0,140.0
2936.T,ベースフード（株）,800.0,710.0,576.0,384.0,464.0,428.0,551.0,473.0
5134.T,（株）ＰＯＰＥＲ,700.0,1110.0,887.0,646.0,788.0,698.0,676.0,982.0
5132.T,（株）ｐｌｕｓｚｅｒｏ,1650.0,1268.3333740234375,2136.666748046875,1770.0,2133.333251953125,2686.666748046875,2013.3333740234375,2408.0
9564.T,（株）ＦＣＥ Ｈｏｌｄｉｎｇｓ,1560.0,339.04168388854447,243.25416564941406,277.8166809082031,297.2375183105469,269.91668701171875,311.5562438964844,536.0
5131.T,リンカーズ（株）,300.0,503.0,457.0,378.0,338.0,335.0,367.0,150.0
9563.T,Atlas Technologies（株）,1440.0,2320.0,2130.0,1903.0,2160.0,1730.0,1281.0,269.0
9562.T,ビジネスコーチ（株）,2070.0,3847.0984950196726,2198.07763671875,1849.0147705078125,1611.059326171875,1433.287353515625,1591.6156005859375,1512.0
5834.T,ＳＢＩリーシングサービス（株）,2980.0,3104.364498920322,3447.725830078125,2800.512939453125,2730.900146484375,2376.249755859375,2218.0068359375,3060.0
6526.T,（株）ソシオネクスト,3650.0,724.9503592354911,941.3958740234375,1338.3699951171875,1291.1109619140625,1557.65087890625,4288.671875,1443.0
7112.T,（株）キューブ,2140.0,2190.0,1755.0,1564.0,1224.0,1095.0,1055.0,440.0
4447.T,（株）ピー・ビーシステムズ,811.0,828.8557258908929,1126.7718505859375,914.39599609375,727.5838623046875,834.7550048828125,737.4160766601562,469.0
5129.T,（株）ＦＩＸＥＲ,1340.0,1822.0,1511.0,1685.0,1917.0,2163.0,2068.0,596.0
5126.T,ポーターズ（株）,1570.0,3275.0,2280.0,2245.0,1805.0,2275.0,2035.0,1843.0
9560.T,（株）プログリット,730.0,389.2096926861106,296.8548278808594,264.8604736328125,222.64112854003906,589.4218139648438,1649.1934814453125,1050.0
5125.T,（株）ファインズ,1800.0,2703.0,1881.0,1628.0,1266.0,1201.0,1172.0,492.0
9561.T,（株）グラッドキューブ,960.0,1500.0,1100.0,1046.0,891.0,1003.0,653.0,799.0
7388.T,（株）ＦＰパートナー,2600.0,1334.6276573768027,1747.1490478515625,2050.473388671875,1827.2266845703125,2562.485107421875,4489.20166015625,2390.0
5038.T,（株）eWeLL,1700.0,1936.9741220092774,1818.08056640625,1875.0504150390625,2021.1903076171875,2208.759521484375,2566.936767578125,2166.0
9558.T,ジャパニアス（株）,1020.0,1820.199810305968,1168.18798828125,1680.7415771484375,1975.977294921875,2761.708251953125,2647.06396484375,2030.0
7110.T,（株）クラシコム,1420.0,1475.4397583007812,1438.5537109375,1078.429931640625,994.951171875,1406.521240234375,1414.28662109375,1323.0
5036.T,日本ビジネスシステムズ（株）,1520.0,865.3776368800764,1092.7344970703125,1032.57958984375,1244.299560546875,1685.3353271484375,1460.7374267578125,1003.0
9557.T,（株）エアークローゼット,800.0,910.0,753.0,745.0,647.0,568.0,450.0,432.0
5034.T,（株）unerry,1290.0,3000.0,2247.0,1752.0,1849.0,2647.0,4865.0,1792.0
5035.T,ＨＯＵＳＥＩ（株）,400.0,569.6182948673375,1100.9346923828125,771.9309692382812,676.667236328125,731.6649169921875,673.9386596679688,504.0
1444.T,（株）ニッソウ,1805.0,2225.0,2097.0,2233.0,2137.0,2481.0,2364.0,2462.0
9556.T,ＩＮＴＬＯＯＰ（株）,3500.0,3150.0,2958.0,2808.0,4650.0,4965.0,6730.0,4780.0
9554.T,（株）ＡＶｉＣ,1020.0,1266.0,1000.0,963.0,1240.0,1226.0,1101.0,1850.0
9553.T,（株）マイクロアド,1410.0,430.0,299.3333435058594,313.3333435058594,267.3333435058594,289.6666564941406,1060.0,325.0
5033.T,（株）ヌーラボ,1000.0,955.0,742.0,658.0,595.0,655.0,830.0,994.0
9552.T,（株）Ｍ＆Ａ総合研究所,1330.0,836.6666870117188,706.6666870117188,1181.6666259765625,1575.0,2343.333251953125,3183.333251953125,1256.0
7794.T,（株）イーディーピー,5000.0,1640.0,1764.0,2220.0,2510.0,3352.0,2404.0,577.0
9229.T,（株）サンウェルズ,1940.0,757.5729147738986,1077.0709228515625,1202.2352294921875,2058.621826171875,2244.22119140625,2620.45849609375,545.0
9227.T,マイクロ波化学（株）,605.0,550.0,700.0,838.0,778.0,1352.0,1834.0,454.0
2999.T,ホームポジション（株）,450.0,433.3342475133226,450.1084899902344,493.9078674316406,485.5946044921875,539.981201171875,523.470947265625,458.0
4890.T,（株）坪田ラボ,470.0,794.0,767.0,1141.0,1000.0,810.0,855.0,379.0
7386.T,ジャパンワランティサポート（株）,1640.0,1452.0678730705972,1250.9368896484375,1370.63427734375,1560.972900390625,1666.9345703125,3129.794921875,3340.0
2984.T,ヤマイチ・ユニハイムエステート（株）,950.0,791.1196611278554,684.7960205078125,697.4107055664062,731.6505126953125,743.3640747070312,783.9111938476562,699.0
5032.T,ＡＮＹＣＯＬＯＲ（株）,1530.0,2368.963831297499,3674.110107421875,2955.04833984375,3260.4033203125,5944.572265625,2144.87255859375,3595.0
5026.T,（株）トリプルアイズ,880.0,2200.0,1292.0,1286.0,1316.0,1070.0,839.0,984.0
2998.T,クリアル（株）,930.0,1587.9849036654136,1249.545654296875,1190.9886474609375,1374.5994873046875,1133.4241943359375,2039.568115234375,4515.0
7140.T,ペットゴー（株）,550.0,1295.0,717.0,797.0,811.0,996.0,1094.0,910.0
2997.T,（株）ストレージ王,660.0,756.0,611.0,606.0,616.0,581.0,513.0,856.0
5031.T,モイ（株）,470.0,902.0,768.0,655.0,742.0,611.0,371.0,225.0
9221.T,フルハシＥＰＯ（株）,1140.0,798.1174204293105,711.0752563476562,633.704345703125,626.335693359375,646.5994873046875,890.4876708984375,916.0
5029.T,サークレイス（株）,720.0,2320.0,1789.0,1519.0,1109.0,1111.0,743.0,1140.0
9220.T,エフビー介護サービス（株）,1400.0,1433.0903193595914,1206.32958984375,1133.802978515625,1017.2095336914062,1113.605712890625,1092.447998046875,937.0
5028.T,セカンドサイトアナリティカ（株）,1390.0,1063.3333740234375,1063.3333740234375,927.3333129882812,723.3333129882812,588.3333129882812,538.6666870117188,320.0
5079.T,（株）ノバック,3000.0,2343.7665249464853,2475.6591796875,1907.5230712890625,1977.005615234375,2073.354736328125,2269.476318359375,2672.0
9219.T,（株）ギックス,1070.0,1043.761172222002,1274.3375244140625,837.8555297851562,753.40576171875,779.9742431640625,1064.6363525390625,948.0
9218.T,（株）メンタルヘルステクノロジーズ,630.0,880.0,887.0,767.0,720.0,809.0,1360.0,787.0
7138.T,（株）ＴＯＲＩＣＯ,1700.0,2510.0,1958.0,1612.0,1332.0,1450.0,1136.0,650.0
6226.T,守谷輸送機工業（株）,810.0,768.3292017646014,940.1664428710938,799.6162719726562,611.5828857421875,688.5056762695312,613.4396362304688,2812.0
5078.T,（株）セレコーポレーション,1900.0,1658.1641973451126,1745.627685546875,1715.56201171875,1772.049072265625,1773.8712158203125,2002.5521240234375,4685.0
4247.T,ポバール興業（株）,1263.0,1116.3625208361395,1059.7811279296875,913.0489501953125,904.8561401367188,901.2149047851562,984.569091796875,1115.0
7793.T,（株）イメージ・マジック,1740.0,2733.5968919836955,2333.320068359375,2050.197509765625,2074.604736328125,1117.8458251953125,1115.893310546875,1210.0
9216.T,ビーウィズ（株）,1400.0,1206.6385498046875,1205.724365234375,1279.76806640625,1334.538818359375,1319.41650390625,1188.0418701171875,1648.0
5025.T,（株）マーキュリーリアルテックイノベーター,1270.0,1355.0,808.0,948.0,1646.0,1089.0,932.0,635.0
4270.T,（株）ＢｅｅＸ,1600.0,3750.0,2350.0,2745.0,1899.0,1572.0,2077.0,2349.0
9215.T,（株）CaSy,1350.0,2001.0,1035.0,1400.0,998.0,920.0,915.0,820.0
4267.T,（株）ライトワークス,2100.0,1368.3260860958615,891.6925048828125,960.56494140625,750.298828125,770.82373046875,922.8795776367188,2176.0
9213.T,（株）セイファート,1120.0,907.2135826365652,766.2872314453125,694.0624389648438,711.67822265625,752.194580078125,1074.1390380859375,843.0
9214.T,Recovery International（株）,3060.0,2640.0,1733.0,1845.0,2252.0,1938.0,2415.0,1368.0
4265.T,Institution for a Global Society（株）,1720.0,2002.0,1196.0,918.0,1123.0,930.0,665.0,294.0
4261.T,アジアクエスト（株）,2430.0,5600.0,4520.0,3125.0,2900.0,2708.0,2386.0,2360.0
4264.T,（株）セキュア,950.0,2185.0,1390.0,1458.0,1135.0,907.0,828.0,1616.0
2993.T,（株）長栄,1800.0,1498.1045507812498,1488.1533203125,1426.6368408203125,1615.7093505859375,1521.414794921875,1569.131103515625,2031.0
4262.T,ニフティライフスタイル（株）,2000.0,1726.3526610618826,1265.0328369140625,1131.719970703125,1159.5335693359375,1191.183349609375,983.0619506835938,1196.0
4263.T,サスメド（株）,1410.0,1500.0,1990.0,1598.0,1210.0,852.0,1100.0,544.0
9211.T,（株）エフ・コード,2020.0,1500.0,1677.5,911.25,896.25,749.75,912.5,1902.0
9212.T,Ｇｒｅｅｎ Ｅａｒｔｈ Ｉｎｓｔｉｔｕｔｅ（株）,1160.0,1160.0,1381.0,1004.0,835.0,690.0,684.0,372.0
9258.T,（株）ＣＳ－Ｃ,1010.0,1205.0,1183.0,635.0,571.0,500.0,818.0,390.0
9259.T,（株）タカヨシ,1560.0,1700.0,1565.0,1562.0,1788.0,1459.0,1706.0,562.0
4125.T,三和油化工業（株）,3500.0,3782.580477439751,3617.916015625,4347.14453125,3457.9560546875,3746.462646484375,5551.01708984375,1216.0
4259.T,（株）エクサウィザーズ,1150.0,1030.0,832.0,696.0,693.0,556.0,468.0,297.0
4260.T,（株）ハイブリッドテクノロジーズ,500.0,730.0,684.0,504.0,596.0,517.0,839.0,469.0
7134.T,（株）クルーバー,2160.0,525.9245479808135,388.0154724121094,348.8633117675781,339.8056945800781,414.670166015625,482.8684997558594,938.0
4255.T,THECOO（株）,7200.0,6100.0,4150.0,3070.0,3200.0,2392.0,1900.0,830.0
4256.T,（株）サインド,3250.0,2990.0,2362.0,1793.0,1960.0,1834.0,1518.0,950.0
4258.T,（株）網屋,1970.0,2100.0,1870.0,1226.0,1230.0,1084.0,1381.0,4125.0
4419.T,（株）Ｆｉｎａｔｅｘｔホールディングス,1290.0,990.0,858.0,732.0,761.0,524.0,407.0,886.0
9256.T,（株）サクシード,1560.0,1651.1746120953746,1273.706787109375,1166.9881591796875,1284.5762939453125,1173.905029296875,1066.1982421875,782.0
9522.T,リニューアブル・ジャパン（株）,1800.0,1663.0,1691.0,1379.0,1669.0,1062.0,639.0,
2585.T,（株）ライフドリンク カンパニー,1535.0,345.0110567007492,251.92820739746094,264.7421875,283.6005859375,299.3253173828125,377.2488708496094,1753.0
6524.T,湖北工業（株）,4000.0,1718.1893849284638,2372.141357421875,2241.62451171875,2806.109619140625,2404.770751953125,2574.442138671875,1664.0
9254.T,（株）ラバブルマーケティンググループ,1260.0,4845.0,2200.0,1627.0,1472.0,1252.0,1261.0,1269.0
4417.T,グローバルセキュリティエキスパート（株）,2800.0,1983.0358246952655,1431.0416259765625,1258.882568359375,2086.62744140625,2226.3515625,2948.678955078125,5250.0
4418.T,（株）JDSC,1680.0,1681.0,1953.0,1303.0,903.0,835.0,735.0,842.0
7133.T,ＨＹＵＧＡ ＰＲＩＭＡＲＹ ＣＡＲＥ（株）,2600.0,1794.220939390121,2464.589111328125,3080.736572265625,3095.52392578125,2627.251953125,3588.44189453125,1261.0
4415.T,（株）ブロードエンタープライズ,2790.0,1502.5,936.0,687.5,606.0,501.5,584.5,639.0
4416.T,（株）Ｔｒｕｅ Ｄａｔａ,2220.0,2250.0,1197.0,763.0,552.0,553.0,574.0,698.0
7383.T,（株）ネットプロテクションズホールディングス,1450.0,1378.0,1592.0,1216.0,537.0,682.0,509.0,466.0
4414.T,（株）フレクト,2550.0,2905.0,2150.0,1039.5,1032.5,1182.5,1172.0,1888.0
7131.T,のむら産業（株）,1210.0,1006.9172571739783,899.2593994140625,805.1719360351562,768.984375,814.2188110351562,985.2047729492188,1963.0
4413.T,（株）ボードルア,2000.0,1375.0,1050.0,997.5,1047.5,1374.0,1215.0,5490.0
9253.T,スローガン（株）,1200.0,1781.9775133972569,1205.8048095703125,1127.595703125,1417.662109375,1859.196533203125,1161.25537109375,615.0
4412.T,（株）サイエンスアーツ,1710.0,2272.5,6065.0,4315.0,3270.0,1600.0,1240.5,853.0
9252.T,（株）ラストワンマイル,1710.0,2512.0126342773438,1515.1822509765625,1365.6575927734375,1061.6243896484375,1249.0284423828125,1258.0,3515.0
9251.T,（株）AB&Company,1490.0,1288.572945978969,1387.0567626953125,1297.777099609375,1095.2869873046875,783.2682495117188,807.1989135742188,897.0
9250.T,（株）GRCS,3600.0,5400.0,7860.0,5750.0,2736.0,6800.0,3535.0,1225.0
2961.T,日本調理機（株）,2710.0,2430.225099836077,2218.132568359375,2112.08642578125,2161.57470703125,2109.435546875,2220.783935546875,3770.0
4379.T,（株）Photosynth,1500.0,1410.0,1386.0,761.0,546.0,349.0,416.0,310.0
4378.T,（株）CINC,3080.0,3950.0,3185.0,3145.0,1598.0,1430.0,1301.0,558.0
6523.T,ＰＨＣホールディングス（株）,3250.0,2692.733822437288,2394.9794921875,2116.212158203125,1764.9486083984375,1330.8316650390625,1268.734130859375,953.0
9249.T,日本エコシステム（株）,2120.0,715.1154256321146,676.1091918945312,552.5892944335938,568.5167846679688,525.2848510742188,526.5850219726562,1462.0
4377.T,（株）ワンキャリア,2090.0,833.3333129882812,726.3333129882812,803.3333129882812,937.0,714.3333129882812,718.6666870117188,1810.0
6522.T,（株）アスタリスク,3300.0,1440.0,1710.0,4137.5,2510.0,1930.0,1589.0,415.0
4375.T,セーフィー（株）,2430.0,3350.0,3590.0,3635.0,2211.0,1140.0,509.0,774.0
9246.T,（株）プロジェクトカンパニー,2650.0,3500.0,5060.0,4055.0,3970.0,2435.0,3845.0,1220.0
4073.T,（株）ジィ・シィ企画,1890.0,2529.9530228758167,2086.222900390625,1928.1009521484375,1109.8192138671875,989.2511596679688,906.237060546875,531.0
4374.T,（株）ＲＯＢＯＴ　ＰＡＹＭＥＮＴ,1860.0,3725.0,3210.0,4095.0,2451.0,1780.0,1463.0,2021.0
9244.T,（株）デジタリフト,1570.0,2110.0,1600.0,1755.0,1336.0,1170.0,1100.0,704.0
9245.T,（株）リベロ,1400.0,1940.0,1292.0,2172.0,3055.0,1555.0,1027.0,1782.0
4889.T,（株）レナサイエンス,670.0,976.0,785.0,740.0,752.0,454.0,331.0,1045.0
4371.T,（株）コアコンセプト・テクノロジー,3500.0,1760.0,1200.0,1450.0,1637.5,1697.5,2382.5,1002.0
4372.T,ユミルリンク（株）,1000.0,1688.6826450195313,1174.478271484375,1139.934814453125,1057.0303955078125,1163.6217041015625,1046.1739501953125,1407.0
4373.T,シンプレクス・ホールディングス（株）,1620.0,1570.4893609204337,1934.729248046875,2789.0380859375,2407.768310546875,1958.38134765625,1705.2652587890625,3010.0
4370.T,モビルス（株）,1280.0,1830.0,1848.0,1530.0,1081.0,993.0,716.0,344.0
9242.T,メディア総研（株）,2900.0,3105.0,2745.0,2295.0,2054.0,1262.0,1092.0,1338.0
2934.T,ジェイフロンティア（株）,4190.0,3560.0,3455.0,3715.0,2605.0,1757.0,2280.0,1901.0
7126.T,タンゴヤ（株）,1600.0,815.2306505416004,667.7901611328125,907.1416015625,964.5858764648438,936.8211059570312,1136.4400634765625,1500.0
4076.T,（株）シイエヌエス,1940.0,2809.938720703125,1927.74853515625,1589.80908203125,1512.3255615234375,1480.5855712890625,1383.4979248046875,1509.0
9241.T,（株）フューチャーリンクネットワーク,2470.0,4315.0,2913.0,2740.0,2111.0,1851.0,1320.0,1217.0
6227.T,ＡＩメカテック（株）,1920.0,1822.3086752732315,1636.4163818359375,1600.739990234375,1408.2757568359375,1257.1207275390625,1376.354736328125,2204.0
9240.T,（株）デリバリーコンサルティング,950.0,1472.0,971.0,1005.0,1084.0,1315.0,801.0,335.0
4075.T,ブレインズテクノロジー（株）,1780.0,4165.0,2200.0,2616.0,2200.0,2110.0,1649.0,633.0
7379.T,（株）サーキュレーション,1810.0,3205.0,3290.0,3660.0,3615.0,3935.0,2816.0,606.0
2991.T,（株）ランドネット,3830.0,629.987405528193,461.8328552246094,457.6882019042969,463.609130859375,609.856201171875,460.05657958984375,1115.0
7378.T,（株）アシロ,1160.0,1430.5899099576272,927.9501953125,816.7894897460938,700.7957153320312,571.2693481445312,866.0868530273438,1658.0
4074.T,（株）ラキール,1400.0,2480.0,1850.0,2150.0,1844.0,2456.0,2103.0,885.0
7792.T,（株）コラントッテ,1100.0,1282.933268470651,1230.1339111328125,908.7059326171875,934.3071899414062,699.0904541015625,748.7577514648438,1114.0
7376.T,ＢＣＣ（株）,1300.0,3350.0,2830.0,2055.0,1897.0,1954.0,1079.0,1678.0
4071.T,（株）プラスアルファ・コンサルティング,2300.0,2670.2320218373493,2657.47021484375,2347.251953125,2756.622314453125,3208.578857421875,2650.5224609375,1552.0
4069.T,（株）ＢｌｕｅＭｅｍｅ,2820.0,2850.0,3175.0,2300.0,2122.0,1940.0,1899.0,1200.0
4937.T,（株）Waqoo,1920.0,2362.0,2001.0,1620.0,1287.0,1140.0,494.0,1007.0
7374.T,（株）コンフィデンス,1760.0,2582.405997127338,3202.503173828125,2242.639404296875,2182.315185546875,1862.9520263671875,1767.14306640625,1418.0
7096.T,（株）ステムセル研究所,2800.0,2378.4976454912608,2797.07373046875,2270.160400390625,3077.76611328125,2575.474609375,1529.0341796875,1345.0
4068.T,ベイシス（株）,2040.0,5200.0,6140.0,8400.0,5950.0,6390.0,2839.0,1897.0
4932.T,（株）アルマード,880.0,710.10412622193,925.3621826171875,635.052490234375,568.2482299804688,541.0316772460938,852.7847900390625,1076.0
7318.T,セレンディップ・ホールディングス（株）,1130.0,1656.0,1326.0,1051.0,1190.0,1193.0,743.0,1606.0
7345.T,（株）アイ・パートナーズフィナンシャル,3120.0,2407.1523154438405,1722.52685546875,1041.5562744140625,1011.101318359375,989.1738891601562,615.1881713867188,580.0
7373.T,（株）アイドマ・ホールディングス,1930.0,1681.8065341525607,2184.38720703125,2395.225830078125,3005.677490234375,4143.22607421875,2876.232421875,1638.0
7791.T,ドリームベッド（株）,1460.0,1186.7558035880897,1074.2337646484375,857.98046875,799.9612426757812,787.654296875,632.9364013671875,783.0
4882.T,（株）ペルセウスプロテオミクス,870.0,1005.0,800.0,646.0,705.0,547.0,361.0,398.0
7372.T,（株）デコルテ・ホールディングス,1720.0,1582.0,1224.0,1329.0,1253.0,1301.0,1024.0,303.0
7370.T,（株）Ｅｎｊｉｎ,1380.0,1959.4597327915292,2214.6455078125,3112.350830078125,4274.3564453125,2607.448486328125,2460.71630859375,761.0
7371.T,全研本社（株）,1350.0,1402.7975975733148,1149.401611328125,965.6093139648438,1093.42431640625,936.6875610351562,744.4987182617188,543.0
4198.T,（株）テンダ,3250.0,2042.2698511603132,1267.7783203125,1121.6773681640625,917.7646484375,749.6701049804688,471.2929992675781,773.0
4199.T,ワンダープラネット（株）,2560.0,4107.541679342711,3773.148681640625,2632.220458984375,1934.0,1758.0,1088.0,906.0
7369.T,（株）メイホーホールディングス,2080.0,1543.3333740234375,959.0,865.0,537.6666870117188,619.3333129882812,378.3333435058594,667.0
5074.T,テスホールディングス（株）,1700.0,1834.3379479305588,1565.1192626953125,1648.1663818359375,2257.59033203125,2250.206787109375,1304.1600341796875,323.0
4194.T,ビジョナル（株）,5000.0,7150.0,6000.0,6900.0,5810.0,6200.0,7180.0,8130.0
4196.T,（株）ネオマーケティング,1800.0,3805.0,2828.0,2960.0,3005.0,2248.0,1496.0,997.0
4888.T,ステラファーマ（株）,460.0,712.0,557.0,513.0,491.0,505.0,906.0,333.0
4498.T,サイバートラスト（株）,1660.0,3355.153786961036,3573.96826171875,3700.394287109375,3180.102294921875,2292.6884765625,1454.8724365234375,2400.0
2933.T,（株）紀文食品,1160.0,1195.0032790291916,1682.9708251953125,1529.71728515625,1229.791015625,1173.378662109375,909.180419921875,1099.0
7698.T,（株）アイスコ,2000.0,1397.6344450739505,1140.7589111328125,951.3554077148438,1014.971923828125,819.3030395507812,706.9926147460938,1808.0
4193.T,（株）ファブリカコミュニケーションズ,6000.0,3301.738627845895,3206.035888671875,3560.13525390625,3665.408203125,2757.19091796875,2396.39208984375,2175.0
7368.T,表示灯（株）,2000.0,2280.8400996555115,2382.419677734375,2256.939208984375,2312.423583984375,1673.0712890625,1348.1470947265625,1600.0
7367.T,（株）セルム,1280.0,352.16799880351647,314.6534423828125,224.1495361328125,213.3640899658203,267.291259765625,197.8893280029297,339.0
6521.T,（株）オキサイド,2800.0,3270.0,3905.0,3895.0,4800.0,2860.0,3490.0,1198.0
4180.T,Appier Group（株）,1600.0,2027.2548673930921,2151.087158203125,1457.027099609375,1603.8282470703125,1605.8255615234375,1318.215087890625,1244.0
4192.T,スパイダープラス（株）,1160.0,1722.0,1728.0,1620.0,1881.0,1729.0,1240.0,480.0
7343.T,ブロードマインド（株）,810.0,1434.5690131626247,1194.61767578125,1330.6202392578125,1080.66943359375,844.5028076171875,626.71484375,939.0
9327.T,（株）イー・ロジット,1500.0,1991.462677986391,1794.0,1719.0,1639.0,1642.0,744.0,235.0
4179.T,（株）ジーネクスト,1230.0,2851.0,2239.0,1870.0,1495.0,1060.0,560.0,290.0
7363.T,（株）ベビーカレンダー,4200.0,9400.0,9680.0,8100.0,7130.0,4715.0,2850.0,1190.0
4178.T,（株）Sharing Innovations,2850.0,4650.0,3220.0,3000.0,3120.0,2807.0,2075.0,787.0
6614.T,（株）シキノハイテック,390.0,1186.3941717585292,1623.64013671875,1665.42138671875,3726.3076171875,3080.1552734375,2103.63916015625,915.0
4176.T,（株）ココナラ,1200.0,2300.0,2124.0,2037.0,1986.0,1716.0,1808.0,246.0
7362.T,（株）Ｔ．Ｓ．Ｉ,2000.0,4000.0,2629.0,2359.0,2038.0,1929.0,2580.0,786.0
4177.T,（株）ｉ‐ｐｌｕｇ,2620.0,6000.0,4485.0,4870.0,6100.0,7390.0,6030.0,1224.0
4432.T,ウイングアーク１ｓｔ（株）,1590.0,1796.081912878788,1741.301513671875,2342.091064453125,2137.337646484375,1840.9840087890625,1873.830322265625,3895.0
7361.T,（株）ヒューマンクリエイションホールディングス,2120.0,1708.7530813991325,1130.555908203125,1206.121337890625,1464.9937744140625,2018.3275146484375,1068.6409912109375,1239.0
4175.T,（株）coly,4130.0,8450.0,6670.0,5790.0,5200.0,4680.0,3740.0,1498.0
4885.T,室町ケミカル（株）,820.0,1300.1430617305061,1335.7510986328125,1280.9697265625,1159.5377197265625,1309.7110595703125,1130.39990234375,878.0
4174.T,（株）アピリッツ,1180.0,1784.2933737475357,1322.2891845703125,1349.3720703125,1269.7161865234375,909.0338745117188,563.9642333984375,793.0
4173.T,（株）ＷＡＣＵＬ,1050.0,4645.0,2750.0,2980.0,2328.0,2730.0,1554.0,499.0
4936.T,（株）アクシージア,1450.0,1961.588565620754,1463.301025390625,1338.011962890625,1631.62841796875,1554.1595458984375,871.2857666015625,429.0
2983.T,（株）アールプランナー,2210.0,1161.2776279975192,696.7666015625,648.4573974609375,519.787841796875,545.3359985351562,1553.78955078125,1353.0
6613.T,（株）QDレーザ,340.0,797.0,1848.0,1504.0,1607.0,1585.0,908.0,282.0
